DT,distance(Km),heart,pace,start_lat,start_lng
2016-08-29 21:10:00,0.54,120,8:27,28.7395218,115.8710879
2016-09-01 21:39:00,0.82,120,5:49,28.7395218,115.8710879
2016-10-10 21:00:00,0.49,120,6:58,28.7395218,115.8710879
2016-10-12 20:59:00,0.46,120,6:14,28.7395218,115.8710879
2016-10-14 21:02:00,0.95,120,9:23,28.7395218,115.8710879
2016-10-15 20:52:00,1.14,120,33:43,28.7395218,115.8710879
2016-10-16 21:19:00,0.44,120,6:54,28.7395218,115.8710879
2016-11-20 18:57:00,0.37,120,5:41,28.7395218,115.8710879
2017-02-05 17:03:00,1.17,120,10:08,34.831966,119.1686771
2017-02-11 20:14:00,1.38,120,8:18,28.7395218,115.8710879
2017-02-13 21:52:00,1.27,120,5:54,28.7395218,115.8710879
2017-02-14 22:00:00,0.11,120,11:13,28.7395218,115.8710879
2017-02-15 21:51:00,2.06,120,5:47,28.7395218,115.8710879
2017-02-18 20:16:00,2.31,120,6:11,28.7395218,115.8710879
2017-02-25 22:11:00,1.62,120,5:59,28.7395218,115.8710879
2017-03-02 21:59:00,2.56,120,6:24,28.7395218,115.8710879
2017-03-14 22:21:00,1.22,120,6:45,28.7395218,115.8710879
2017-03-16 19:53:00,1.60,120,7:54,28.7395218,115.8710879
2017-04-20 22:04:00,1.40,120,6:07,28.7395218,115.8710879
2017-04-21 21:41:00,2.47,120,5:54,28.7395218,115.8710879
2017-04-30 20:38:00,1.25,120,6:46,28.7395218,115.8710879
2017-05-18 21:09:00,1.42,120,6:22,28.7395218,115.8710879
2017-05-28 17:58:00,0.73,120,12:28,28.7395218,115.8710879
2017-05-30 20:15:00,1.67,120,8:55,28.7395218,115.8710879
2017-06-23 20:09:00,3.00,120,8:50,34.831966,119.1686771
2017-06-24 20:36:00,4.54,120,8:35,34.831966,119.1686771
2017-06-26 20:12:00,3.69,120,7:42,34.831966,119.1686771
2017-07-06 20:34:00,2.63,120,6:33,31.9426185,118.7843021
2017-07-10 21:08:00,2.57,120,7:48,31.9426185,118.7843021
2017-07-21 21:00:00,2.72,120,7:21,31.9426185,118.7843021
2017-07-30 21:47:00,2.20,120,6:50,31.9426185,118.7843021
2017-08-29 19:21:00,1.30,120,6:32,31.9426185,118.7843021
2017-09-01 21:16:00,1.27,120,6:34,31.9426185,118.7843021
2017-09-20 19:54:00,1.20,120,6:35,31.9426185,118.7843021
2017-10-09 21:46:00,1.33,120,6:32,31.9426185,118.7843021
2017-10-10 21:59:00,2.94,120,7:00,31.9426185,118.7843021
2018-03-12 19:45:00,1.10,120,8:45,31.9426185,118.7843021
2018-04-09 21:13:00,2.06,120,8:35,31.9426185,118.7843021
2018-04-10 20:08:00,3.56,120,8:55,31.9426185,118.7843021
2018-04-12 21:22:00,2.92,120,9:38,31.9426185,118.7843021
2018-04-15 20:21:00,0.52,120,6:55,31.9426185,118.7843021
2018-04-27 20:43:00,2.64,120,8:47,31.9426185,118.7843021
2018-04-29 20:42:00,0.59,120,7:51,31.9426185,118.7843021
2018-05-03 19:24:00,1.73,120,12:49,31.9426185,118.7843021
2018-05-23 21:06:00,0.91,120,6:18,31.9426185,118.7843021
2018-05-26 21:03:00,1.03,120,7:06,31.9426185,118.7843021
2018-05-29 20:26:00,1.24,120,6:19,31.9426185,118.7843021
2018-06-02 20:07:00,0.91,120,7:00,31.9426185,118.7843021
2018-06-03 19:48:00,1.27,120,6:49,31.9426185,118.7843021
2018-06-06 20:16:00,1.35,120,7:02,31.9426185,118.7843021
2018-06-07 21:31:00,1.02,120,7:28,31.9426185,118.7843021
2018-06-11 20:24:00,1.33,120,6:11,40.0029343,116.283275
2018-06-14 22:17:00,0.42,120,6:35,40.0029343,116.283275
2018-06-15 20:54:00,1.75,120,7:55,40.0029343,116.283275
2018-06-19 21:16:00,1.13,120,7:41,40.0029343,116.283275
2018-06-30 19:51:00,1.86,120,7:36,40.0029343,116.283275
2018-07-01 19:50:00,3.11,120,11:01,40.0432257,116.2684655
2018-07-21 16:37:00,2.00,120,9:28,40.0432257,116.2684655
2018-09-05 20:01:00,1.14,120,7:36,40.0029343,116.283275
2018-10-01 21:31:00,4.66,120,10:23,34.831966,119.1686771
2019-01-12 16:03:00,3.55,120,10:22,31.9426185,118.7843021
2019-01-16 16:06:00,3.15,120,9:57,31.9426185,118.7843021
2019-01-19 14:47:00,4.60,120,15:35,31.9426185,118.7843021
2019-02-28 16:09:00,4.31,120,9:17,31.9426185,118.7843021
2019-03-10 11:58:00,3.65,120,16:18,31.9426185,118.7843021
2019-03-20 15:58:00,3.30,120,7:19,31.9426185,118.7843021
2019-04-30 16:47:00,2.42,120,9:30,31.9426185,118.7843021
2019-05-02 15:24:00,2.11,120,9:53,31.9426185,118.7843021
2019-05-11 15:41:00,3.01,120,7:12,31.9426185,118.7843021
2019-06-04 15:19:00,4.02,120,7:56,31.9426185,118.7843021
2019-08-06 20:23:00,0.80,120,10:56,31.9426185,118.7843021
2019-08-07 19:12:00,1.56,120,10:45,31.9426185,118.7843021
2019-08-11 20:04:00,1.96,120,11:48,31.9426185,118.7843021
2019-08-12 19:22:00,1.59,120,10:31,31.9426185,118.7843021
2019-08-13 19:37:00,1.38,120,10:52,31.9426185,118.7843021
2019-08-15 19:48:00,2.08,120,8:13,31.9426185,118.7843021
2019-08-18 20:03:00,0.90,120,10:46,31.9426185,118.7843021
2019-08-20 19:52:00,1.48,120,11:10,31.9426185,118.7843021
2019-08-23 16:34:00,2.01,120,9:15,31.9426185,118.7843021
2019-08-24 20:08:00,0.88,120,9:50,31.9426185,118.7843021
2019-08-28 20:50:00,1.38,120,8:49,31.9426185,118.7843021
2019-08-30 20:13:00,10.47,120,4:37,34.831966,119.1686771
2019-09-07 15:26:00,2.04,120,10:13,31.9426185,118.7843021
2019-09-10 15:55:00,1.72,120,8:52,31.9426185,118.7843021
2019-09-15 19:46:00,0.94,120,7:39,31.9426185,118.7843021
2019-09-23 15:35:00,1.35,120,8:58,31.9426185,118.7843021
2019-09-28 19:45:00,0.61,120,11:45,31.9426185,118.7843021
2019-09-30 15:36:00,1.59,120,9:39,31.9426185,118.7843021
2019-10-02 19:47:00,1.05,120,8:10,31.9426185,118.7843021
2019-10-07 15:29:00,2.54,120,10:06,31.9426185,118.7843021
2019-10-16 15:35:00,2.66,120,10:01,31.9426185,118.7843021
2019-10-20 14:57:00,2.02,120,14:42,31.9426185,118.7843021
2019-10-22 15:14:00,2.42,120,9:52,31.9426185,118.7843021
2019-10-24 16:26:00,2.27,120,9:01,31.9426185,118.7843021
2019-10-26 14:16:00,2.43,120,10:34,31.9426185,118.7843021
2019-10-28 14:06:00,2.58,120,9:57,31.9426185,118.7843021
2019-10-29 20:00:00,2.81,120,10:52,31.9426185,118.7843021
2019-11-03 15:06:00,1.79,120,14:57,31.9426185,118.7843021
2019-11-04 15:54:00,2.50,120,10:49,31.9426185,118.7843021
2019-11-06 15:53:00,1.77,120,11:55,31.9426185,118.7843021
2019-11-10 10:29:00,2.00,120,12:18,31.9426185,118.7843021
2019-11-11 20:54:00,2.00,120,11:42,31.9426185,118.7843021
2019-11-13 15:42:00,2.96,120,15:48,31.9426185,118.7843021
2019-11-18 14:39:00,1.93,120,10:38,31.9426185,118.7843021
2019-11-19 15:48:00,2.36,120,12:32,31.9426185,118.7843021
2019-11-20 15:41:00,2.26,120,11:18,31.9426185,118.7843021
2019-11-25 14:47:00,2.37,120,10:36,31.9426185,118.7843021
2019-11-29 15:44:00,1.88,120,12:31,31.9426185,118.7843021
2019-12-01 15:34:00,1.79,120,11:23,31.9426185,118.7843021
2019-12-03 15:12:00,2.31,120,9:52,31.9426185,118.7843021
2019-12-06 15:21:00,3.00,120,8:27,31.9426185,118.7843021
2019-12-11 16:08:00,3.55,120,10:01,31.9426185,118.7843021
2019-12-17 20:02:00,3.01,120,11:26,31.9426185,118.7843021
2019-12-19 16:06:00,3.42,120,13:36,31.9426185,118.7843021
2019-12-25 15:16:00,1.76,120,10:27,31.9426185,118.7843021
2019-12-27 16:06:00,2.00,120,11:54,31.9426185,118.7843021
2019-12-29 15:07:00,2.72,120,10:03,31.9426185,118.7843021
2020-01-03 17:09:00,3.61,120,13:47,31.9426185,118.7843021
2020-01-05 14:18:00,2.23,120,11:39,31.9426185,118.7843021
2020-01-08 16:12:00,3.01,120,11:40,31.9426185,118.7843021
2020-01-11 16:53:00,2.92,120,11:48,31.9426185,118.7843021
2020-01-13 16:02:00,2.00,120,9:11,31.9426185,118.7843021
2020-01-15 16:36:00,3.20,120,11:28,31.9426185,118.7843021
2020-03-21 19:14:00,3.69,120,9:44,34.831966,119.1686771
2020-03-23 15:09:00,3.51,120,10:41,34.831966,119.1686771
2020-04-06 14:55:00,2.13,120,6:57,34.831966,119.1686771
2020-04-07 15:03:00,6.75,120,11:47,34.831966,119.1686771
2020-04-13 15:00:00,3.73,120,9:16,34.831966,119.1686771
2020-04-15 15:26:00,6.07,120,8:51,34.831966,119.1686771
2020-04-16 15:58:00,1.32,120,8:12,34.831966,119.1686771
2020-04-17 16:47:00,3.36,120,9:58,34.831966,119.1686771
2020-04-21 16:22:00,3.28,120,9:31,34.831966,119.1686771
2020-04-22 15:32:00,4.31,120,8:10,34.831966,119.1686771
2020-05-01 19:17:00,2.83,120,9:09,34.831966,119.1686771
2020-05-02 17:45:00,3.58,120,8:38,34.831966,119.1686771
2020-05-03 17:17:00,1.80,120,9:19,34.831966,119.1686771
2020-05-07 15:51:00,2.83,120,9:42,34.831966,119.1686771
2020-05-09 16:43:00,3.30,120,7:55,34.831966,119.1686771
2020-05-10 17:25:00,2.97,120,9:12,34.831966,119.1686771
2020-05-12 17:54:00,3.50,120,9:15,34.831966,119.1686771
2020-05-14 16:50:00,2.39,120,9:44,34.831966,119.1686771
2020-06-03 19:32:00,1.89,120,13:34,31.9128366,118.7557489
2020-06-07 15:30:00,1.64,120,10:18,31.9128366,118.7557489
2020-06-08 19:41:00,1.56,120,12:07,31.9128366,118.7557489
2020-06-13 15:09:00,1.49,120,11:36,31.9128366,118.7557489
2020-06-14 15:39:00,1.70,120,8:18,31.9128366,118.7557489
2020-06-15 20:22:00,1.53,120,22:47,31.9128366,118.7557489
2020-06-21 15:23:00,1.75,120,13:31,31.9128366,118.7557489
2020-06-22 20:18:00,2.52,120,6:57,31.9128366,118.7557489
2020-06-24 20:46:00,1.92,120,9:12,31.9128366,118.7557489
2020-06-29 19:32:00,1.33,120,11:38,31.9128366,118.7557489
2020-07-04 19:25:00,2.14,120,11:22,31.9128366,118.7557489
2020-07-06 20:26:00,2.00,120,9:10,31.9128366,118.7557489
2020-07-11 19:04:00,1.71,120,18:25,31.9128366,118.7557489
2020-07-12 14:54:00,1.25,120,14:00,31.9128366,118.7557489
2020-07-14 19:56:00,2.05,120,10:41,31.9128366,118.7557489
2020-07-22 20:07:00,2.29,120,13:54,31.9128366,118.7557489
2020-07-24 20:14:00,0.55,120,9:27,31.9128366,118.7557489
2020-08-02 19:58:00,3.00,120,9:28,31.9128366,118.7557489
2020-08-06 21:06:00,0.94,120,13:51,31.9128366,118.7557489
2020-08-09 15:23:00,1.30,120,11:00,31.9128366,118.7557489
2020-08-15 15:43:00,0.94,120,15:49,31.9128366,118.7557489
2020-08-16 07:23:00,1.39,120,15:31,31.9128366,118.7557489
2020-08-23 20:13:00,1.59,120,16:29,31.9128366,118.7557489
2020-08-28 19:51:00,2.58,120,15:07,31.9128366,118.7557489
2020-08-30 14:39:00,1.16,120,13:52,31.9128366,118.7557489
2020-09-01 19:38:00,1.89,120,10:39,31.9128366,118.7557489
2020-09-03 20:11:00,2.00,120,12:36,31.9128366,118.7557489
2020-09-08 20:27:00,1.41,120,10:04,31.9128366,118.7557489
2020-09-12 19:47:00,0.58,120,8:32,31.9128366,118.7557489
2020-09-15 20:37:00,1.97,120,7:59,31.9128366,118.7557489
2020-09-18 19:12:00,2.03,120,9:41,31.9128366,118.7557489
2020-09-19 21:28:00,1.71,120,7:38,31.9128366,118.7557489
2020-10-06 14:56:00,0.88,120,11:50,31.9128366,118.7557489
